{"cameraMode":{"drawMode":0,"name":"Shaded","section":"Shading Mode"},"sceneLighting":true,"audioPlay":false,"sceneViewState":{"showFog":true,"showMaterialUpdate":false,"showSkybox":true,"showFlares":true,"showImageEffects":true,"showParticleSystems":true},"in2DMode":false,"pivot":{"x":529.7008056640625,"y":-131.32432556152345,"z":235.88665771484376},"rotation":{"x":-0.16713464260101319,"y":-0.7377067804336548,"z":0.19774582982063294,"w":-0.6235108375549316},"size":285.3646545410156,"orthographic":false}